"id","provided_pin","chosen_url","filename","sha","notes"
"p051","https://pin.it/6tb0laSEt","https://i.pinimg.com/736x/0e/cf/7c/0ecf7c0dc51203df108d15e8362da1fe.jpg","pp_pin_p051_xubx8w.jpg","70edf40e55ac4c85b61aa6de474c31870d1ec9770b2eee6951ab06b584631bd0","pinterest"
"p052","https://pin.it/4vzQmZTMB","https://i.pinimg.com/736x/87/64/c6/8764c66726f1b5fad941eaba6611a6a2.jpg","pp_pin_p052_5e5kcn.jpg","0b0e89d48e850ece4b54ba3baef9ca80e50615c95e8b386c94da3f6273035eaa","pinterest"
"p053","https://pin.it/35YkfF3Gv","https://i.pinimg.com/736x/b7/56/f2/b756f236a8cdaa6119299fffe8ac817d.jpg","pp_pin_p053_oky6ne.jpg","4743add2949c89280c94a4292a19e6a14437f818319e29826d9599f2416e23d6","pinterest"
"p054","https://pin.it/7mV54Oe1Y","https://i.pinimg.com/736x/1e/1d/18/1e1d1868fb81a2305f4f40068138fad2.jpg","pp_pin_p054_9texyg.jpg","e45ee1a9671c03b2d4ce236c250bd1d57bb8af0eaa302814729581aedde877eb","pinterest"
"p055","https://pin.it/58dR96GjO","https://i.pinimg.com/736x/63/56/99/635699f7aa6856977ab3db4ea9319476.jpg","pp_pin_p055_1zz5l7.jpg","aaef20d029b5a6f8040648ac1c6c9d61a6317732dacbb0a07fd92ca80cdcf3e6","pinterest"
"p056","https://pin.it/7iHtvpLND","https://i.pinimg.com/736x/50/dd/9a/50dd9ab4c8c8885e1dd8799c3a004001.jpg","pp_pin_p056_lkcokw.jpg","035c16ca38a1ca5125babeb327e544a7410e2688b3614a7650d01415a8abbc0c","pinterest"
"p057","https://pin.it/7yt8u8ZFj","https://i.pinimg.com/736x/4e/98/aa/4e98aa69b370388fc3b2a8f04d8da140.jpg","pp_pin_p057_39n7nx.jpg","f6a5b292656efc5c5562eb96e8dceb78a08361ecc6b29da1b6f7f49a0339192d","pinterest"
"p058","https://pin.it/7aaMEwSQK","https://i.pinimg.com/736x/73/e5/fb/73e5fb0ec620ce60fe087f1a5db429f2.jpg","pp_pin_p058_kxmxmt.jpg","540f1749efa7841300421d40570844b0925acbb6e96731287a2004d967f1b046","pinterest"
"p059","https://pin.it/g2DoZjBn0","https://i.pinimg.com/736x/24/62/01/246201d8c0ad6bc4fd59ed20d4caa7d6.jpg","pp_pin_p059_sand1o.jpg","c975c147de6e89a82cd5f1287fe44dfd12bfb0dc9b41b25808cb8e7014c53fc4","pinterest"
"p060","https://pin.it/ewF01mMv2","https://i.pinimg.com/736x/58/37/0b/58370b603990ae44a5fcdb38fd239b66.jpg","pp_pin_p060_f7kc8a.jpg","f139dfec1de90182563bb38759d1fce6803481aff43e8cde83ee0c289b1da865","pinterest"
"p061","https://pin.it/3GZqClBoj","https://i.pinimg.com/736x/98/a7/4f/98a74f9572c99aada324067fee00eca0.jpg","pp_pin_p061_lb0tth.jpg","caa7d1478f962a2d7140a795d99547bb20acb8be3f72b2e2259aacb372eb1233","pinterest"
"p062","https://pin.it/6vAQ0WdTz","https://i.pinimg.com/736x/ce/30/04/ce30043b58531cc18a6f4c545e227017.jpg","pp_pin_p062_78u5tw.jpg","cba4606e498dd1dda03303dfaec33231a7d1d92937da6c83ab6d0f93650308ff","pinterest"
"p063","https://pin.it/5qsgOqDMY","https://i.pinimg.com/736x/ce/30/04/ce30043b58531cc18a6f4c545e227017.jpg","pp_pin_p063_b3plnh.jpg","cba4606e498dd1dda03303dfaec33231a7d1d92937da6c83ab6d0f93650308ff","pinterest"
"p064","https://pin.it/35CgQJ84P","https://i.pinimg.com/736x/cd/b2/ef/cdb2ef22da12137505f76a6f4625d85c.jpg","pp_pin_p064_3f8ump.jpg","368e30aa4a566754d22b5d5619d8e57fcccdd2721d365f962feeec79ccbc6d5d","pinterest"
"p065","https://pin.it/3pFqLqER1","https://i.pinimg.com/736x/4e/98/aa/4e98aa69b370388fc3b2a8f04d8da140.jpg","pp_pin_p065_0etvxy.jpg","f6a5b292656efc5c5562eb96e8dceb78a08361ecc6b29da1b6f7f49a0339192d","pinterest"
"p066","https://pin.it/11TDlW7sZ","https://i.pinimg.com/736x/47/d5/09/47d509d8b08054630674e98d57d92f02.jpg","pp_pin_p066_3ps7ct.jpg","ebba0e9cbee0036bf938b39b9007ade8d5f5d795ae7ce66152991a1d82eb4f24","pinterest"
"p067","https://pin.it/2z2x8dGR0","https://i.pinimg.com/736x/5a/21/eb/5a21eb3257ba44ec7b89d6a2020aa6c5.jpg","pp_pin_p067_3izftg.jpg","321e5316287c77cbea27ed94b53e696ef6335253cd487bb568e4699675ee090d","pinterest"
"p068","https://pin.it/6qZTN2zTj","https://i.pinimg.com/736x/e5/5f/a8/e55fa8b2dc6accfc1677be22099c387d.jpg","pp_pin_p068_aaqjrx.jpg","df45c6dae6199511c15d9ac9a6c9f5654e31a7e07f77a33b2ee5c982d68fb2a2","pinterest"
"p069","https://pin.it/2BzY57ypK","https://i.pinimg.com/736x/e5/5f/a8/e55fa8b2dc6accfc1677be22099c387d.jpg","pp_pin_p069_1vrlxg.jpg","df45c6dae6199511c15d9ac9a6c9f5654e31a7e07f77a33b2ee5c982d68fb2a2","pinterest"
"p070","https://pin.it/1jXpCCfIp","https://i.pinimg.com/736x/97/ef/ce/97efce821af4efe75fd5d867e6d134b6.jpg","pp_pin_p070_qgb0lu.jpg","b14db2239f676ccc66cc1cd63dc9288f571a323427caa24ec135ae56d171d9c3","pinterest"
"p071","https://pin.it/4ehMfo6pc","https://i.pinimg.com/736x/30/ec/9b/30ec9b58da27652ed90df761ea6f65e5.jpg","pp_pin_p071_53rkby.jpg","e07c1958447481e859decc31ed683d3a1abafd7149fdfd5db7b41eedf65ff635","pinterest"
"p072","https://pin.it/ZtNe7XHLr","https://i.pinimg.com/736x/7d/ab/ca/7dabcab15374ce32653c8808d656fa6d.jpg","pp_pin_p072_a1nfeq.jpg","93c3ab2fd961d2560a168a6445c2b92cc05130ef5206a64f5b679ce11552f06f","pinterest"
"p073","https://pin.it/4FEw7FuYP","https://i.pinimg.com/736x/60/82/d6/6082d64b387c9bc03255d7a707f39138.jpg","pp_pin_p073_13v5y9.jpg","3e6239f46d92d9d9451960f44e1db4ebe850a02571e3816dbfcf81f190b2478c","pinterest"
"p074","https://pin.it/1TjJTdaoJ","https://i.pinimg.com/736x/7c/03/1d/7c031dc046eb099bf3bfa7a406d82774.jpg","pp_pin_p074_lu92np.jpg","0b707ae082eba3e04b5807f708a67f14e776ea4c4794a6c9a5e047ad1ef00614","pinterest"
"p075","https://pin.it/3FR28kb2W","https://i.pinimg.com/736x/2f/36/f9/2f36f9bbb419b1c3e5e5f04852ac5861.jpg","pp_pin_p075_hjmunj.jpg","7a845cc82863ae146fc7639bf9cb2065d70d44353e5a1b5c47fc649c82eb964b","pinterest"
"p076","https://pin.it/6jjEPwFyB","https://i.pinimg.com/736x/72/a5/9d/72a59d5d84e7e9ac5771e2f1ae96abf2.jpg","pp_pin_p076_pe2hl3.jpg","653e5ff802c5df42b8e0dd8f81ffa66054d8275833021258abf066804f061c0b","pinterest"
"p077","https://pin.it/3vXKqrr3H","https://i.pinimg.com/736x/01/34/05/013405e2a93443e5c24d04818e6ffb02.jpg","pp_pin_p077_mo71ql.jpg","728bcc31fd0f6406074d111a6abcafe724919cb41df88fef7cc165e203ddf328","pinterest"
"p078","https://pin.it/5gvPzvwAn","https://i.pinimg.com/736x/f8/28/6e/f8286e505f746c5d22b9dd0c2d8e02b0.jpg","pp_pin_p078_15el59.jpg","ce2bc1535a098680acb883424f175e44bb064fa020acc9a9ab773f0a09db25a5","pinterest"
"p079","https://pin.it/6xvnd0kmH","https://i.pinimg.com/736x/f5/9d/2a/f59d2a319d4c7b9c6d3a2e1a9f8f825f.jpg","pp_pin_p079_arkqb5.jpg","5f01d056c9df6813b50bd61d340689c790f34f6941eb84b92867631bfe5adcd9","pinterest"
"p080","https://pin.it/1renRJOAE","https://i.pinimg.com/736x/e3/eb/a0/e3eba0da602e547f87ea0f9d65209d7e.jpg","pp_pin_p080_49m5tc.jpg","75d4c1ee7872b9da06849450f2a905e3f6fad50022a4d5ef7183e500e1d49b11","pinterest"
"p081","https://pin.it/5D1bt6d9J","https://i.pinimg.com/736x/e3/09/54/e309540d572af1df47476fa393456684.jpg","pp_pin_p081_02aw8a.jpg","41b236289e1a8c2e9be514e6f072c1f8f27b1011ef40d64b1c89a6f3245ff554","pinterest"
"p082","https://pin.it/2Jr85zAJ5","https://i.pinimg.com/736x/c1/cb/85/c1cb8537529cd57de0a1db3e7f119eeb.jpg","pp_pin_p082_m4nnsr.jpg","ebc5dc790c6a2b66cf6da495b07260c9941676fb3aab817323503b123e9a306b","pinterest"
"p083","https://pin.it/65wMXCsAA","https://i.pinimg.com/736x/02/80/49/0280498ce0f4f53e4c45cc31a33e8c8b.jpg","pp_pin_p083_ubgpvs.jpg","7b3997766f1724837e0058ac95cd75c6cbe852f6730ce3d74905b63d66728ece","pinterest"
"p084","https://pin.it/46ajghPKT","https://i.pinimg.com/736x/fb/3a/cb/fb3acb6cb8c891232ff36cafa2900498.jpg","pp_pin_p084_enue6w.jpg","c1dbc8a3ba853fcc467646af484facc441b3fd2bbf8622484a91f070a4bdfd0c","pinterest"
"p085","https://pin.it/7awtoUvU0","https://i.pinimg.com/736x/b8/a6/8f/b8a68f2eec8d739a6b583e7d49213cf9.jpg","pp_pin_p085_xjrjac.jpg","21d858442797226045e623bec4ab8c8a5e5fd6122a8c72d74dc699e4292d8275","pinterest"
"p086","https://pin.it/40v4HQyXL","https://i.pinimg.com/736x/6f/2d/0f/6f2d0fd8d8fa488bacfed0eab3d088fa.jpg","pp_pin_p086_ex7ln3.jpg","44b1d2766c8941e506e9dd0a7cf1cf2e9a5aebe0594a83072dd424b8f395b9e3","pinterest"
"p087","https://pin.it/3NlKaVOHO","https://i.pinimg.com/736x/8c/d1/c3/8cd1c34505022078b16119a7ca55ee7a.jpg","pp_pin_p087_2rubns.jpg","d698e00468a933371cf03aaaffd6566156f31a5434b38a825447abc2d229ea7a","pinterest"
"p088","https://pin.it/1vyvjDILB","https://i.pinimg.com/736x/ba/c9/ab/bac9ab1ab0603d7e1bdf1c9a3a1caa64.jpg","pp_pin_p088_hts2po.jpg","e2f97e4c07234af7067da9c6080e6a5aca20df1bdfdef35bdab9b75fecb98d30","pinterest"
"p089","https://pin.it/fBX8cEGOl","https://i.pinimg.com/736x/22/fd/b1/22fdb15cb67dd1b2184cbb0a26fb66ba.jpg","pp_pin_p089_w3fv1p.jpg","369937094dfd4f5230f13c39e20805cc4d5ec48615cc7336a763adf1664d0247","pinterest"
"p090","https://pin.it/OplOVWe91","https://i.pinimg.com/736x/aa/6a/7c/aa6a7c5be903e7a1f12476ba3c652c56.jpg","pp_pin_p090_i1b64w.jpg","461f2c1e2df869a9fee0e8dfe36ae67308005e47053e23e25fa4d3be188e5a71","pinterest"
"p091","https://pin.it/4lyas3zOU","https://i.pinimg.com/736x/d2/3a/e3/d23ae3a04b01322dfe0fd81b03de6c14.jpg","pp_pin_p091_qh4rzn.jpg","bf37c4ba90b59904faaa898d61970a1b40b249e5a319f1c8388c97b038e3e8b6","pinterest"
"p092","https://pin.it/1JjxJzId9","https://i.pinimg.com/736x/3c/78/53/3c78530d24f92579fb8d3fb7aee921a2.jpg","pp_pin_p092_3gbgci.jpg","da9adca0375199fc74d0432f70c7619aa676cb15dee120b12e5e34e8efc53a1c","pinterest"
"p093","https://pin.it/781wGlY4D","https://i.pinimg.com/736x/e3/eb/a0/e3eba0da602e547f87ea0f9d65209d7e.jpg","pp_pin_p093_mu6lm3.jpg","75d4c1ee7872b9da06849450f2a905e3f6fad50022a4d5ef7183e500e1d49b11","pinterest"
"p094","https://pin.it/2FlwUokQc","https://i.pinimg.com/736x/94/ee/e8/94eee883fcf8ba20ac84901a03891f53.jpg","pp_pin_p094_lt1z5w.jpg","cc753d9d82dced60355d3c432d29a14deaa4267ba7077c5b16c299501208c313","pinterest"
"p095","https://pin.it/4eTPRyUFx","https://i.pinimg.com/736x/0f/25/15/0f251597db8adbf2ffc4e7ab5d7d6147.jpg","pp_pin_p095_u6h4bi.jpg","ff9de31ba3fee88aed2e157c88de60f93d1e7bf53328ff5e24286433eb9e6e21","pinterest"