"id","query","chosen_url","filename","sha","notes"
"p001","","placeholder","pp_placeholder_p001.svg","","no match"
"p002","","placeholder","pp_placeholder_p002.svg","","no match"
"p003","","placeholder","pp_placeholder_p003.svg","","no match"
"p004","","placeholder","pp_placeholder_p004.svg","","no match"
"p005","","placeholder","pp_placeholder_p005.svg","","no match"
"p006","","placeholder","pp_placeholder_p006.svg","","no match"
"p007","","placeholder","pp_placeholder_p007.svg","","no match"
"p039","","placeholder","pp_placeholder_p039.svg","","no match"
"p040","","placeholder","pp_placeholder_p040.svg","","no match"
"p041","","placeholder","pp_placeholder_p041.svg","","no match"
"p042","","placeholder","pp_placeholder_p042.svg","","no match"
"p043","","placeholder","pp_placeholder_p043.svg","","no match"
"p044","","placeholder","pp_placeholder_p044.svg","","no match"
"p045","","placeholder","pp_placeholder_p045.svg","","no match"
"p046","","https://i.pinimg.com/originals/d5/3b/01/d53b014d86a6b6761bf649a0ed813c2b.png","pp_pin_p046_lop9ls.png","12787c3bab930c11f02c57758471da60cb4c6d2cfb22f6ca717ad0e79860c600","pinterest"
"p047","","placeholder","pp_placeholder_p047.svg","","no match"
"p048","","placeholder","pp_placeholder_p048.svg","","no match"
"p049","","placeholder","pp_placeholder_p049.svg","","no match"
"p050","","placeholder","pp_placeholder_p050.svg","","no match"
"p051","","placeholder","pp_placeholder_p051.svg","","no match"
"p052","","placeholder","pp_placeholder_p052.svg","","no match"
"p053","","placeholder","pp_placeholder_p053.svg","","no match"
"p054","","placeholder","pp_placeholder_p054.svg","","no match"
"p055","","placeholder","pp_placeholder_p055.svg","","no match"
"p056","","placeholder","pp_placeholder_p056.svg","","no match"
"p057","","placeholder","pp_placeholder_p057.svg","","no match"
"p058","","placeholder","pp_placeholder_p058.svg","","no match"
"p059","","placeholder","pp_placeholder_p059.svg","","no match"
"p060","","placeholder","pp_placeholder_p060.svg","","no match"
"p061","","placeholder","pp_placeholder_p061.svg","","no match"
"p062","","placeholder","pp_placeholder_p062.svg","","no match"
"p063","","placeholder","pp_placeholder_p063.svg","","no match"
"p064","","placeholder","pp_placeholder_p064.svg","","no match"
"p065","","placeholder","pp_placeholder_p065.svg","","no match"
"p066","","placeholder","pp_placeholder_p066.svg","","no match"
"p067","","placeholder","pp_placeholder_p067.svg","","no match"
"p068","","placeholder","pp_placeholder_p068.svg","","no match"
"p069","","placeholder","pp_placeholder_p069.svg","","no match"
"p070","","placeholder","pp_placeholder_p070.svg","","no match"
"p071","","placeholder","pp_placeholder_p071.svg","","no match"
"p072","","placeholder","pp_placeholder_p072.svg","","no match"
"p073","","placeholder","pp_placeholder_p073.svg","","no match"
"p074","","placeholder","pp_placeholder_p074.svg","","no match"
"p075","","placeholder","pp_placeholder_p075.svg","","no match"
"p076","","placeholder","pp_placeholder_p076.svg","","no match"
"p077","","placeholder","pp_placeholder_p077.svg","","no match"
"p078","","placeholder","pp_placeholder_p078.svg","","no match"
"p079","","placeholder","pp_placeholder_p079.svg","","no match"
"p080","","placeholder","pp_placeholder_p080.svg","","no match"
"p081","","placeholder","pp_placeholder_p081.svg","","no match"
"p082","","placeholder","pp_placeholder_p082.svg","","no match"
"p083","","placeholder","pp_placeholder_p083.svg","","no match"
"p084","","placeholder","pp_placeholder_p084.svg","","no match"
"p085","","placeholder","pp_placeholder_p085.svg","","no match"
"p086","","placeholder","pp_placeholder_p086.svg","","no match"
"p087","","placeholder","pp_placeholder_p087.svg","","no match"
"p088","","placeholder","pp_placeholder_p088.svg","","no match"
"p089","","placeholder","pp_placeholder_p089.svg","","no match"
"p090","","placeholder","pp_placeholder_p090.svg","","no match"
"p091","","placeholder","pp_placeholder_p091.svg","","no match"
"p092","","placeholder","pp_placeholder_p092.svg","","no match"
"p093","","placeholder","pp_placeholder_p093.svg","","no match"
"p094","","placeholder","pp_placeholder_p094.svg","","no match"
"p095","","placeholder","pp_placeholder_p095.svg","","no match"
"p096","","placeholder","pp_placeholder_p096.svg","","no match"
"p097","","placeholder","pp_placeholder_p097.svg","","no match"
"p098","","placeholder","pp_placeholder_p098.svg","","no match"
"p099","","placeholder","pp_placeholder_p099.svg","","no match"
"p100","","placeholder","pp_placeholder_p100.svg","","no match"
"p101","","placeholder","pp_placeholder_p101.svg","","no match"
"p102","","placeholder","pp_placeholder_p102.svg","","no match"
"p103","","placeholder","pp_placeholder_p103.svg","","no match"
"p104","","placeholder","pp_placeholder_p104.svg","","no match"
"p105","","placeholder","pp_placeholder_p105.svg","","no match"
"p106","","placeholder","pp_placeholder_p106.svg","","no match"
"p107","","placeholder","pp_placeholder_p107.svg","","no match"
"p108","","placeholder","pp_placeholder_p108.svg","","no match"
"p109","","placeholder","pp_placeholder_p109.svg","","no match"
"p110","","placeholder","pp_placeholder_p110.svg","","no match"